<?xml version="1.0" encoding="UTF-8"?>
<QCARConfig xmlns:xsi="http://www.w3.org/2001/XMLSchema-instance" xsi:noNamespaceSchemaLocation="qcar_config.xsd">
  <Tracking>
    <ImageTarget name="p1_1" size="200.000000 275.862061" />
    <ImageTarget name="p4_2" size="250.000000 187.500000" />
    <ImageTarget name="p4_1" size="250.000000 187.500000" />
    <ImageTarget name="p3" size="250.000000 187.500000" />
    <ImageTarget name="p2_3" size="250.000000 187.500000" />
    <ImageTarget name="p2_2" size="250.000000 187.500000" />
    <ImageTarget name="p2_1" size="250.000000 187.500000" />
    <ImageTarget name="p1_3" size="200.000000 266.666656" />
    <ImageTarget name="p1_2" size="200.000000 266.666656" />
  </Tracking>
</QCARConfig>
