<?xml version="1.0" encoding="UTF-8"?>
<QCARConfig xmlns:xsi="http://www.w3.org/2001/XMLSchema-instance" xsi:noNamespaceSchemaLocation="qcar_config.xsd">
  <Tracking>
    <ImageTarget name="p8" size="300.000000 187.500000" />
    <ImageTarget name="p6" size="450.000000 236.250000" />
    <ImageTarget name="p7" size="275.000000 272.295074" />
    <ImageTarget name="p2" size="400.000000 300.000000" />
    <ImageTarget name="p5" size="200.000000 282.644623" />
    <ImageTarget name="p4" size="300.000000 148.600006" />
    <ImageTarget name="p3" size="300.000000 164.982376" />
    <ImageTarget name="p1" size="200.000000 266.666656" />
  </Tracking>
</QCARConfig>
